ville;exploitant;poker;source_url;fiabilite;date_verification;telephone;notes
Dieppe;Partouche;cash;https://www.casinosavenue.com/fr/casino/casino-partouche-dieppe/tournois-de-poker-cash-games/8542;secondaire;2026-10-05;;3 tables de cash Texas Hold'em tous les soirs dès 21h (blinds 2/4), championnat annuel
Aix-En-Provence;Partouche;les_deux;https://www.casinosavenue.com/fr/casino/casino-partouche-aix-en-provence-hotel/tournois-de-poker-cash-games/8550;secondaire;2026-10-05;0442596900;8 tables de Hold'em, tournois avec buy-in de 60 à 200 €
Le Touquet;Partouche;les_deux;https://www.casinosavenue.com/fr/casino/casino-partouche-le-touquet/tournois-de-poker-cash-games/8525;secondaire;2026-10-05;;2 tables de Hold'em, tournois les lundis et vendredis à 20h30
Saint-Amand-Les-Eaux;Partouche;les_deux;https://www.casinosavenue.com/fr/casino/pasino-partouche-hotel-saint-amand-les-eaux/tournois-de-poker-cash-gamse/8523;secondaire;2026-10-05;;4 tables de cash Hold'em et 2 de PLO, inscription via le site du casino
Forges-Les-Eaux;Partouche;cash;https://domaine-de-forges.partouche.com/games/game/texas-hold-em-poker;officielle;2026-10-05;;2 tables (cave 200, blinds 5/5) vendredi et samedi 20h-4h, dimanche 20h-3h
La Tour-De-Salvagny;Partouche;tournois;https://www.partouche.com/tournois-de-poker;officielle;2026-10-05;;Cité sur la page tournois de Partouche (championnat de France), à confirmer pour le cash
Toulouse;Barrière;les_deux;https://www.casinosbarriere.com/tournois-poker;officielle;2026-10-05;;Tournois au calendrier Barrière, cash 5/5 du mercredi au dimanche (source secondaire)
Bordeaux;Barrière;tournois;https://www.casinosbarriere.com/tournois-poker;officielle;2026-10-05;;Mercredi Poker Time et Small du Jeudi au calendrier officiel
Cassis;Barrière;tournois;https://www.casinosbarriere.com/tournois-poker;officielle;2026-10-05;;Casino cité parmi ceux du calendrier de tournois officiel, à confirmer
Pornic;Partouche;les_deux;https://casino-partouche-pornic.com/;secondaire;2026-10-05;0240822687;Poker room : cash game Hold'em blinds 2/4 en soirée et tournois réguliers (site possiblement non officiel), numéro et horaires à confirmer auprès du casino
Le Boulou;JOA;les_deux;https://www.casinosavenue.com/fr/casino/casino-joa-boulou/tournois-de-poker-et-cash-games/8516;secondaire;2026-10-05;;2 tables de Hold'em No Limit tous les soirs (20h en semaine, 18h le week-end), petits tournois réguliers
Saint-Martin-D'Uriage;JOA;les_deux;https://www.casinosavenue.com/fr/casino/casino-joa-saint-martin-d-uriage/tournois-de-poker-et-cash-games/8451;secondaire;2026-10-05;;3 tables de cash Hold'em (cave min. 100 €), tournois réguliers
Gerardmer;JOA;les_deux;https://www.casinosavenue.com/fr/casino/casino-joa-gerardmer/tournois-de-poker-et-cash-games/8506;secondaire;2026-10-05;;2 tables de cash (blinds 1/2 en semaine, 2/4 le week-end), fermées le lundi, quelques tournois
Antibes;JOA;les_deux;https://casinosavenue.com/fr/casino/joa-antibes-casino-la-siesta/tournois-de-poker-et-cash-games/8510;secondaire;2026-10-05;;Casino La Siesta : 2 tables de cash tous les jours dès 21h, tournois chaque semaine
Saint-Jean-De-Luz;JOA;les_deux;https://www.casinosavenue.com/fr/casino/casino-joa-saint-jean-de-luz/tournois-de-poker-et-cash-games/8509;secondaire;2026-10-05;;2 tables de cash (blinds 1/2) du mercredi au dimanche, tournois ponctuels
Gujan-Mestras;JOA;les_deux;https://www.joa.fr/casinos/gujan-mestras/jeux/poker;officielle;2026-10-05;;Cash game Hold'em chaque semaine et tournois du mois sur le site officiel du casino
Ax-Les-Thermes;JOA;les_deux;https://www.casinosavenue.com/fr/casino/casino-joa-ax-les-thermes/tournois-de-poker-et-cash-games/8518;secondaire;2026-10-05;;2 tables de cash du jeudi au dimanche, tournois hebdomadaires, souvent le vendredi
Canet-En-Roussillon;JOA;les_deux;https://www.casinosavenue.com/fr/casino/casino-joa-canet-en-roussillon/tournois-de-poker-et-cash-games/8513;secondaire;2026-10-05;;3 tables de cash tous les soirs dès 21h (blinds 2/4), tournois réguliers, notamment le mercredi
Santenay-Les-Bains;JOA;cash;https://www.casinosavenue.com/fr/casino/casino-joa-santenay/poker/8457;secondaire;2026-10-05;;2 tables de cash tous les soirs dès 20h (blinds 1/2), tournois seulement à l'occasion
Pornichet;Partouche;les_deux;https://www.pornichet.fr/casino-partouche-de-pornichet;secondaire;2026-10-05;0240610548;3 tables de cash Hold'em (blinds 2/4, cave 50 à 250 €), inscriptions sur place vers 20h20, tournois ponctuels, infos poker au 06 75 98 35 09 (source clubpoker.net)
Perros-Guirec;Kasinos Bretagne;les_deux;https://francecasino.fr/casino-de-perros-guirec-kasinos-bretagne/;secondaire;2026-10-05;;Salle Hold'em (cave dès 50 €), cash game le soir, sit & go le jeudi, tournois rares selon d'anciens avis
Pau;Tranchant;cash;https://www.casinosavenue.com/fr/casino/casino-tranchant-pau/9346;secondaire;2026-10-05;;2 tables de cash Hold'em (blinds 2/4, cave 100 €), page non datée à confirmer
Amneville;Tranchant;les_deux;https://www.casinosavenue.com/fr/casino/casino-tranchant-de-amneville/8401;secondaire;2026-10-05;;Grande poker room (cash dès 5/5 et tournois le dimanche à 16h) mais page ancienne (environ 2022) à confirmer
